{"exact": 82.47684527965991, "f1": 88.88514902166712, "total": 130319, "HasAns_exact": 75.84800912221698, "HasAns_f1": 85.46692315630987, "HasAns_total": 86821, "NoAns_exact": 95.70784863671894, "NoAns_f1": 95.70784863671894, "NoAns_total": 43498, "best_exact": 82.74848640643344, "best_exact_thresh": -1.6847364902496338, "best_f1": 89.3623024778226, "best_f1_thresh": -1.453282356262207}